NL0, NL1,tau_m,tau_s,tau_r,tau_plus,tau_minus,a_plus,a_minus,CFI0,CF01,CFI1,alpha,TH0,TH1,K,K1,K2,IPSP_dt_dilation,Efficiency,FakeRate,Selectivity
5.0,9.0,8.576357892307376e-09,6.393214390340768e-09,7.108113546073545e-09,2.8281231494726167e-09,8.553229832506776e-09,7.339396617446177e-05,4.719775414334194e-05,0.7184527494455109,0.7134766254248739,0.8219897049850668,0.4258287296791762,0.8431513772463187,0.8210254368078457,8.69275741944572,6.408249024462977,7.4008628643833525,0.4743490966898603,-999,-999,-999,0,4
11.0,5.0,4.141761191014058e-09,8.838871195201291e-09,5.006449953457076e-09,7.300311220191078e-09,4.141936927815801e-09,7.228126091329097e-06,4.222064979677592e-05,0.7113514872680604,0.6791854591552008,0.7378797213891471,0.4942502644204665,0.6419513603149462,0.6921231601594694,8.326436260100186,9.029898336353337,7.114347151284289,0.4112992597537191,-999,-999,-999,0,4
10.0,5.0,5.55914430875869e-09,8.681048884645763e-09,5.9928018883553955e-09,5.366585663182548e-09,7.057182658502266e-09,3.863621978631912e-05,5.697927014341126e-06,0.7837074922861196,0.5617972329996984,0.5035252535168178,0.8366648768620586,0.9399950179665914,0.8313944253310998,6.815534709147213,2.146107799661909,3.2038977837410934,0.6634528352656068,-999,-999,-999,0,4
7.0,6.0,8.945743825957057e-09,8.0195895313761e-09,1.980152933105623e-09,6.029630941553564e-09,3.4295543603886558e-09,3.940359533601201e-05,5.6639110613202494e-05,0.852829723818113,0.6051321005576693,0.5329540974216009,0.63165037016054,0.7787294128477626,0.7602524785311516,8.595518994696945,6.621512820758297,1.5756126210584012,0.8289799570184836,-999,-999,-999,0,4
10.0,5.0,8.576357892307376e-09,6.393214390340768e-09,7.108113546073545e-09,2.8281231494726167e-09,8.553229832506776e-09,7.339396617446177e-05,1.25e-06,0.7184527494455109,0.7134766254248739,0.8219897049850668,0.4258287296791762,0.8431513772463187,0.8210254368078457,8.69275741944572,6.408249024462977,7.4008628643833525,0.4743490966898603,-999,-999,-999,1,4
7.0,6.0,8.945743825957057e-09,8.0195895313761e-09,1.980152933105623e-09,1e-10,3.4295543603886558e-09,3.940359533601201e-05,5.6639110613202494e-05,0.852829723818113,0.6051321005576693,0.5329540974216009,0.63165037016054,0.7787294128477626,0.7602524785311516,8.595518994696945,6.621512820758297,1.5756126210584012,0.8289799570184836,-999,-999,-999,1,4
