NL0, NL1,tau_m,tau_s,tau_r,tau_plus,tau_minus,a_plus,a_minus,CFI0,CF01,CFI1,alpha,TH0,TH1,K,K1,K2,IPSP_dt_dilation,Efficiency,FakeRate,Selectivity
8.0,6.0,7.95852748417672e-09,2.1338764165489184e-09,4.516531556009287e-09,3.261920863691226e-09,8.035365547305842e-09,3.911608234576791e-05,5.705436632994784e-05,0.739798229140012,0.7018747627619835,0.5601884817738295,0.7516244296744411,0.6485179810774743,0.8975305271192074,7.802819518927767,8.297618459021045,8.507090845566717,0.2947565773075311,0,0,0.481376
7.0,8.0,5.195146945020844e-09,4.583531936370551e-09,7.027795414791019e-09,4.335268275387342e-09,1.9828781324602397e-09,7.114746439557636e-05,4.963446014681207e-05,0.5204155800638672,0.8321610930606089,0.8088344500594513,0.9697899781287995,0.8882516104578989,0.8998634300427472,7.869600392649608,8.455127740303354,6.447050804852717,0.961170752866631,0,0,0.0
9.0,11.0,4.084040976065999e-09,6.659574539852205e-09,3.808823906985941e-09,1.942489056102716e-09,1.8054783159213075e-09,3.197477644406464e-05,5.8680186732178406e-05,0.6256489183069487,0.8216103779485973,0.8256884966165694,0.16936317197697925,0.9469342335816102,0.9023788660713927,4.426988345092939,1.226875117784287,4.8613133327473745,0.030736219215017787,0,0,0.0
5.0,11.0,7.614128738963232e-09,9.099786906039464e-09,2.9233668869162322e-09,4.505338595589167e-09,4.271392144759753e-09,8.126033180965158e-05,3.248215752299853e-05,0.8891179340211555,0.6192029217592538,0.5199617288007878,0.8313085564142895,0.7906306234835694,0.8303433457260184,8.203349152359644,4.04377504851606,7.779421221223117,0.7958469331533379,0,0,0.0
7.0,8.0,5.195146945020844e-09,4.583531936370551e-09,7.027795414791019e-09,1e-10,1.9828781324602397e-09,7.114746439557636e-05,4.963446014681207e-05,0.5204155800638672,0.8321610930606089,0.8088344500594513,0.9697899781287995,0.7906306234835694,0.8303433457260184,8.203349152359644,4.04377504851606,7.779421221223117,0.7958469331533379,0,0,0.0
5.0,11.0,7.614128738963232e-09,9.099786906039464e-09,2.9233668869162322e-09,4.505338595589167e-09,4.271392144759753e-09,8.126033180965158e-05,3.248215752299853e-05,0.8891179340211555,0.8102961898021321,0.5199617288007878,0.8313085564142895,0.9469342335816102,0.9023788660713927,4.426988345092939,1.226875117784287,4.8613133327473745,0.030736219215017787,0,0,0.0
